{"paper":"[[\"dictionary\",{\"#15\":[\"Gradient\",[[[0.16863,0.16078,0.21569,1],0],[[0.17647,0.21176,0.21569,1],1]],false]}],[\"Group\",{\"applyMatrix\":true,\"children\":[[\"Shape\",{\"applyMatrix\":false,\"matrix\":[1,0,0,1,240.83447,186.83447],\"clipMask\":true,\"type\":\"rectangle\",\"size\":[481.66894,373.66894],\"radius\":[0,0]}],[\"Path\",{\"name\":\"ID0.2993777706287801\",\"applyMatrix\":true,\"segments\":[[0.83447,0.83447],[480.83447,0.83447],[480.83447,372.83447],[0.83447,372.83447]],\"closed\":true,\"fillColor\":[\"gradient\",[\"#15\"],[0.83447,0.83447],[0.83447,372.83447]],\"strokeWidth\":1.66894}]]}]]","measurements":{"width":141,"height":171,"x":-0.5,"y":-0.5}}