{"paper":["Group",{"applyMatrix":true,"children":[["Shape",{"applyMatrix":false,"matrix":[1,0,0,1,245,186.78572],"clipMask":true,"type":"rectangle","size":[490,373.57144],"radius":[0,0]}],["Group",{"applyMatrix":true,"children":[["Group",{"applyMatrix":true,"data":{"isPaintingLayer":true},"children":[["Path",{"applyMatrix":true,"segments":[[0.5,373.07144],[0.5,0.50001],[489.5,0.50001],[489.5,373.07144]],"closed":true,"fillColor":[0.98824,0.98824,0.98824],"strokeWidth":0}]]}]]}]]}],"measurements":{"width":298.946533203125,"height":378.6787414550781,"x":-0.4999917149543762,"y":-0.49999940395355225}}