{"paper":"[\"Group\",{\"applyMatrix\":true,\"children\":[[\"Shape\",{\"applyMatrix\":false,\"matrix\":[1,0,0,1,240.5,180.5],\"clipMask\":true,\"type\":\"rectangle\",\"size\":[481,361],\"radius\":[0,0]}],[\"Path\",{\"name\":\"ID0.48998571652919054\",\"applyMatrix\":true,\"segments\":[[0.5,0.5],[480.5,0.5],[480.5,360.5],[0.5,360.5]],\"closed\":true,\"fillColor\":[0.34902,0.59216,1]}],[\"Path\",{\"name\":\"ID0.5159980528987944\",\"applyMatrix\":true,\"segments\":[[0.5,302.2],[480.5,302.2],[480.5,360.5],[0.5,360.5]],\"closed\":true,\"fillColor\":[0.86275,0.89804,0.46667]}]]}]","measurements":{"width":490,"height":373.5714416503906,"x":-0.5,"y":-0.5000115036964417}}