{"paper":"[\"Group\",{\"applyMatrix\":true,\"children\":[[\"Shape\",{\"applyMatrix\":false,\"matrix\":[1,0,0,1,56.89172,46.64325],\"clipMask\":true,\"type\":\"rectangle\",\"size\":[113.78343,93.2865],\"radius\":[0,0]}],[\"Group\",{\"applyMatrix\":true,\"children\":[[\"Group\",{\"applyMatrix\":true,\"data\":{\"isPaintingLayer\":true},\"children\":[[\"Path\",{\"applyMatrix\":false,\"segments\":[[[57.1583,89.4479],[4.9,-3.6],[-0.1,0]],[[56.9583,89.5479],[0.1,0],[0,0]],[56.9583,89.5479],[[56.7583,89.4479],[0.1,0],[-4.9,-3.6]],[[7.0583,14.3479],[-18.3,25.2],[18.2,-25.2]],[[56.8583,18.7479],[-2.3,-2.2],[2.4,-2.3]],[[106.6583,14.3479],[-18.2,-25.2],[18.5,25.2]]],\"closed\":true,\"fillColor\":[0.88627,0.55294,0.78431],\"strokeColor\":[0.29804,0.29804,0.29804],\"strokeWidth\":7.4772,\"strokeCap\":\"round\",\"strokeJoin\":\"round\"}]]}]]}]]}]","measurements":{"width":223.86341857910156,"height":250.00172424316406,"x":-0.499996542930603,"y":-0.49999040365219116}}