{"paper":"[[\"dictionary\",{\"#449\":[\"Gradient\",[[[0.36863,0.6902,0.83922],0],[[0.53725,0.7451,0.83922],1]],false]}],[\"Group\",{\"applyMatrix\":true,\"children\":[[\"Shape\",{\"applyMatrix\":false,\"matrix\":[1,0,0,1,240.5,180.5],\"clipMask\":true,\"type\":\"rectangle\",\"size\":[481,361],\"radius\":[0,0]}],[\"Group\",{\"applyMatrix\":true,\"children\":[[\"Group\",{\"applyMatrix\":true,\"data\":{\"isPaintingLayer\":true},\"children\":[[\"Path\",{\"name\":\"ID0.48998571652919054\",\"applyMatrix\":true,\"segments\":[[0.5,0.5],[480.5,0.5],[480.5,360.5],[0.5,360.5]],\"closed\":true,\"fillColor\":[\"gradient\",[\"#449\"],[240.5,0.5],[240.5,360.5]]}],[\"Path\",{\"name\":\"ID0.5159980528987944\",\"applyMatrix\":true,\"segments\":[[0.5,302.2],[480.5,302.2],[480.5,360.5],[0.5,360.5]],\"closed\":true,\"fillColor\":[0.86275,0.89804,0.46667]}]]}]]}]]}]]","measurements":{"width":223.86341857910156,"height":250.00172424316406,"x":-0.499996542930603,"y":-0.49999040365219116}}