{"paper":"[\"Group\",{\"applyMatrix\":true,\"children\":[[\"Shape\",{\"applyMatrix\":false,\"matrix\":[1,0,0,1,240.5,180.5],\"clipMask\":true,\"type\":\"rectangle\",\"size\":[481,361],\"radius\":[0,0]}],[\"Path\",{\"name\":\"ID0.48998571652919054\",\"applyMatrix\":true,\"segments\":[[0.5,0.5],[480.5,0.5],[480.5,360.5],[0.5,360.5]],\"closed\":true,\"fillColor\":[0.72157,0.42353,0.67451]}],[\"Path\",{\"name\":\"ID0.5159980528987944\",\"applyMatrix\":true,\"segments\":[[0.5,302.2],[480.5,302.2],[480.5,360.5],[0.5,360.5]],\"closed\":true,\"fillColor\":[0.86275,0.89804,0.46667]}]]}]","measurements":{"width":151.47720336914062,"height":129.47720336914062,"x":0,"y":0}}