{"paper":"[[\"dictionary\",{\"#487\":[\"Gradient\",[[[0.16863,0.16078,0.21569,1],0],[[0.17647,0.21176,0.21569,1],1]],false]}],[\"Group\",{\"applyMatrix\":true,\"children\":[[\"Shape\",{\"applyMatrix\":false,\"matrix\":[1,0,0,1,240.83447,186.83447],\"clipMask\":true,\"type\":\"rectangle\",\"size\":[481.66894,373.66894],\"radius\":[0,0]}],[\"Path\",{\"name\":\"ID0.2993777706287801\",\"applyMatrix\":true,\"segments\":[[0.83447,0.83447],[480.83447,0.83447],[480.83447,372.83447],[0.83447,372.83447]],\"closed\":true,\"fillColor\":[\"gradient\",[\"#487\"],[0.83447,0.83447],[0.83447,372.83447]],\"strokeWidth\":1.66894}]]}]]","measurements":{"width":223.86341857910156,"height":250.00172424316406,"x":-0.499996542930603,"y":-0.49999040365219116}}